threshold,accuracy,sensitivity,specificity,f1,f2,auc,tn,fp,fn,tp
0.05,0.7929577464788733,0.9716981132075472,0.527972027972028,0.8486096807415036,0.9184128399465002,0.9287669877292519,151,135,12,412
0.06,0.8056338028169014,0.9716981132075472,0.5594405594405595,0.8565488565488566,0.9221128021486124,0.9287669877292519,160,126,12,412
0.07,0.8084507042253521,0.9693396226415094,0.5699300699300699,0.8580375782881002,0.92152466367713,0.9287669877292519,163,123,13,411
0.08,0.8169014084507042,0.964622641509434,0.5979020979020979,0.8628691983122363,0.9211711711711712,0.9287669877292519,171,115,15,409
0.09,0.8225352112676056,0.9622641509433962,0.6153846153846154,0.8662420382165605,0.9214092140921409,0.9287669877292519,176,110,16,408
0.1,0.8253521126760563,0.9599056603773585,0.6258741258741258,0.8678038379530917,0.920814479638009,0.9287669877292519,179,107,17,407
0.11,0.8267605633802817,0.9551886792452831,0.6363636363636364,0.8681672025723473,0.9183673469387755,0.9287669877292519,182,104,19,405
0.12,0.8267605633802817,0.9481132075471698,0.6468531468531469,0.8673139158576052,0.9140518417462483,0.9287669877292519,185,101,22,402
0.13,0.828169014084507,0.9433962264150944,0.6573426573426573,0.8676789587852495,0.9115770282588879,0.9287669877292519,188,98,24,400
0.14,0.8309859154929577,0.9410377358490566,0.6678321678321678,0.869281045751634,0.910958904109589,0.9287669877292519,191,95,25,399
0.15,0.828169014084507,0.9339622641509434,0.6713286713286714,0.8665207877461707,0.9057639524245197,0.9287669877292519,192,94,28,396
0.16,0.8309859154929577,0.9339622641509434,0.6783216783216783,0.868421052631579,0.9065934065934066,0.9287669877292519,194,92,28,396
0.17,0.828169014084507,0.9292452830188679,0.6783216783216783,0.865934065934066,0.9028414298808433,0.9287669877292519,194,92,30,394
0.18,0.8323943661971831,0.9292452830188679,0.6888111888111889,0.8687982359426681,0.9040844424047728,0.9287669877292519,197,89,30,394
0.19,0.8352112676056338,0.9268867924528302,0.6993006993006993,0.8704318936877077,0.903448275862069,0.9287669877292519,200,86,31,393
0.2,0.8352112676056338,0.9221698113207547,0.7062937062937062,0.8698553948832035,0.9005066789497927,0.9287669877292519,202,84,33,391
0.21,0.8380281690140845,0.9198113207547169,0.7167832167832168,0.8715083798882681,0.8998615597600369,0.9287669877292519,205,81,34,390
0.22,0.8394366197183099,0.9174528301886793,0.7237762237762237,0.8721973094170403,0.8987985212569316,0.9287669877292519,207,79,35,389
0.23,0.8436619718309859,0.9174528301886793,0.7342657342657343,0.875140607424072,0.9000462748727441,0.9287669877292519,210,76,35,389
0.24,0.8450704225352113,0.9150943396226415,0.7412587412587412,0.8758465011286681,0.8989805375347544,0.9287669877292519,212,74,36,388
0.25,0.847887323943662,0.9150943396226415,0.7482517482517482,0.8778280542986425,0.8998144712430427,0.9287669877292519,214,72,36,388
0.26,0.8492957746478873,0.9127358490566038,0.7552447552447552,0.8785471055618616,0.8987459359033906,0.9287669877292519,216,70,37,387
0.27,0.852112676056338,0.9127358490566038,0.7622377622377622,0.8805460750853242,0.899581589958159,0.9287669877292519,218,68,37,387
0.28,0.8492957746478873,0.9056603773584906,0.7657342657342657,0.8777142857142857,0.8942710759198882,0.9287669877292519,219,67,40,384
0.29,0.852112676056338,0.9056603773584906,0.7727272727272727,0.8797250859106529,0.8951048951048951,0.9287669877292519,221,65,40,384
0.3,0.852112676056338,0.9056603773584906,0.7727272727272727,0.8797250859106529,0.8951048951048951,0.9287669877292519,221,65,40,384
0.31,0.8535211267605634,0.9056603773584906,0.7762237762237763,0.8807339449541285,0.8955223880597015,0.9287669877292519,222,64,40,384
0.32,0.852112676056338,0.9009433962264151,0.7797202797202797,0.8791714614499425,0.8921064922933208,0.9287669877292519,223,63,42,382
0.33,0.8549295774647887,0.8985849056603774,0.7902097902097902,0.8809248554913295,0.8914365933551708,0.9287669877292519,226,60,43,381
0.34,0.856338028169014,0.8985849056603774,0.7937062937062938,0.8819444444444444,0.8918539325842697,0.9287669877292519,227,59,43,381
0.35,0.8577464788732394,0.8985849056603774,0.7972027972027972,0.8829663962920047,0.892271662763466,0.9287669877292519,228,58,43,381
0.36,0.8619718309859155,0.8985849056603774,0.8076923076923077,0.8860465116279069,0.8935272045028143,0.9287669877292519,231,55,43,381
0.37,0.8633802816901408,0.8985849056603774,0.8111888111888111,0.8870779976717112,0.8939465039887377,0.9287669877292519,232,54,43,381
0.38,0.8619718309859155,0.8962264150943396,0.8111888111888111,0.8857808857808858,0.892018779342723,0.9287669877292519,232,54,44,380
0.39,0.8619718309859155,0.8962264150943396,0.8111888111888111,0.8857808857808858,0.892018779342723,0.9287669877292519,232,54,44,380
0.4,0.8619718309859155,0.8938679245283019,0.8146853146853147,0.8855140186915887,0.8905075187969925,0.9287669877292519,233,53,45,379
0.41,0.8605633802816901,0.8891509433962265,0.8181818181818182,0.8839390386869871,0.8870588235294118,0.9287669877292519,234,52,47,377
0.42,0.8591549295774648,0.8867924528301887,0.8181818181818182,0.8826291079812206,0.8851224105461394,0.9287669877292519,234,52,48,376
0.43,0.8605633802816901,0.8867924528301887,0.8216783216783217,0.8836662749706228,0.885539331135186,0.9287669877292519,235,51,48,376
0.44,0.8605633802816901,0.8867924528301887,0.8216783216783217,0.8836662749706228,0.885539331135186,0.9287669877292519,235,51,48,376
0.45,0.8605633802816901,0.8867924528301887,0.8216783216783217,0.8836662749706228,0.885539331135186,0.9287669877292519,235,51,48,376
0.46,0.8647887323943662,0.8867924528301887,0.8321678321678322,0.8867924528301887,0.8867924528301887,0.9287669877292519,238,48,48,376
0.47,0.8647887323943662,0.8867924528301887,0.8321678321678322,0.8867924528301887,0.8867924528301887,0.9287669877292519,238,48,48,376
0.48,0.8633802816901408,0.8820754716981132,0.8356643356643356,0.8852071005917159,0.8833254605573926,0.9287669877292519,239,47,50,374
0.49,0.8633802816901408,0.8820754716981132,0.8356643356643356,0.8852071005917159,0.8833254605573926,0.9287669877292519,239,47,50,374
0.5,0.8633802816901408,0.8820754716981132,0.8356643356643356,0.8852071005917159,0.8833254605573926,0.9287669877292519,239,47,50,374
0.51,0.8633802816901408,0.8820754716981132,0.8356643356643356,0.8852071005917159,0.8833254605573926,0.9287669877292519,239,47,50,374
0.52,0.8647887323943662,0.8820754716981132,0.8391608391608392,0.8862559241706162,0.8837429111531191,0.9287669877292519,240,46,50,374
0.53,0.8647887323943662,0.8820754716981132,0.8391608391608392,0.8862559241706162,0.8837429111531191,0.9287669877292519,240,46,50,374
0.54,0.8661971830985915,0.8820754716981132,0.8426573426573427,0.8873072360616845,0.8841607565011821,0.9287669877292519,241,45,50,374
0.55,0.8591549295774648,0.8702830188679245,0.8426573426573427,0.8806682577565632,0.8744075829383886,0.9287669877292519,241,45,55,369
0.56,0.8577464788732394,0.8655660377358491,0.8461538461538461,0.8790419161676647,0.8709065021357381,0.9287669877292519,242,44,57,367
0.57,0.8549295774647887,0.8608490566037735,0.8461538461538461,0.8763505402160864,0.8669833729216152,0.9287669877292519,242,44,59,365
0.58,0.8507042253521127,0.8537735849056604,0.8461538461538461,0.8722891566265061,0.8610846812559467,0.9287669877292519,242,44,62,362
0.59,0.8492957746478873,0.8514150943396226,0.8461538461538461,0.8709288299155609,0.8591147072822466,0.9287669877292519,242,44,63,361
0.6,0.852112676056338,0.8514150943396226,0.8531468531468531,0.8730350665054414,0.8599333015721772,0.9287669877292519,244,42,63,361
0.61,0.852112676056338,0.8514150943396226,0.8531468531468531,0.8730350665054414,0.8599333015721772,0.9287669877292519,244,42,63,361
0.62,0.852112676056338,0.8466981132075472,0.8601398601398601,0.8724179829890644,0.8568019093078759,0.9287669877292519,246,40,65,359
0.63,0.8507042253521127,0.8443396226415094,0.8601398601398601,0.8710462287104623,0.8548233046800382,0.9287669877292519,246,40,66,358
0.64,0.8507042253521127,0.8443396226415094,0.8601398601398601,0.8710462287104623,0.8548233046800382,0.9287669877292519,246,40,66,358
0.65,0.8535211267605634,0.8443396226415094,0.8671328671328671,0.8731707317073171,0.8556405353728489,0.9287669877292519,248,38,66,358
0.66,0.8535211267605634,0.8443396226415094,0.8671328671328671,0.8731707317073171,0.8556405353728489,0.9287669877292519,248,38,66,358
0.67,0.8549295774647887,0.8443396226415094,0.8706293706293706,0.8742368742368742,0.8560497369679579,0.9287669877292519,249,37,66,358
0.68,0.8535211267605634,0.839622641509434,0.8741258741258742,0.8725490196078431,0.8524904214559387,0.9287669877292519,250,36,68,356
0.69,0.852112676056338,0.8372641509433962,0.8741258741258742,0.8711656441717791,0.8505031145184475,0.9287669877292519,250,36,69,355
0.7,0.852112676056338,0.8349056603773585,0.8776223776223776,0.8708487084870848,0.8489208633093526,0.9287669877292519,251,35,70,354
0.71,0.8464788732394366,0.8254716981132075,0.8776223776223776,0.865265760197775,0.8409418548774628,0.9287669877292519,251,35,74,350
0.72,0.8464788732394366,0.8254716981132075,0.8776223776223776,0.865265760197775,0.8409418548774628,0.9287669877292519,251,35,74,350
0.73,0.8464788732394366,0.8254716981132075,0.8776223776223776,0.865265760197775,0.8409418548774628,0.9287669877292519,251,35,74,350
0.74,0.8464788732394366,0.8231132075471698,0.8811188811188811,0.8649318463444857,0.8393458393458394,0.9287669877292519,252,34,75,349
0.75,0.8464788732394366,0.8207547169811321,0.8846153846153846,0.8645962732919255,0.8377467501203659,0.9287669877292519,253,33,76,348
0.76,0.8436619718309859,0.8113207547169812,0.8916083916083916,0.8610763454317898,0.8305166586190246,0.9287669877292519,255,31,80,344
0.77,0.8450704225352113,0.8113207547169812,0.8951048951048951,0.8621553884711779,0.8309178743961353,0.9287669877292519,256,30,80,344
0.78,0.8436619718309859,0.8089622641509434,0.8951048951048951,0.8607277289836889,0.8289028516191397,0.9287669877292519,256,30,81,343
0.79,0.8436619718309859,0.8042452830188679,0.9020979020979021,0.8600252206809584,0.8256658595641646,0.9287669877292519,258,28,83,341
0.8,0.8450704225352113,0.8042452830188679,0.9055944055944056,0.8611111111111112,0.8260658914728682,0.9287669877292519,259,27,83,341
0.81,0.8436619718309859,0.8018867924528302,0.9055944055944056,0.8596713021491783,0.8240426563257393,0.9287669877292519,259,27,84,340
0.82,0.8422535211267606,0.7995283018867925,0.9055944055944056,0.8582278481012658,0.8220174587778856,0.9287669877292519,259,27,85,339
0.83,0.8436619718309859,0.7995283018867925,0.9090909090909091,0.8593155893536122,0.8224163027656477,0.9287669877292519,260,26,85,339
0.84,0.8394366197183099,0.7924528301886793,0.9090909090909091,0.8549618320610687,0.8163265306122449,0.9287669877292519,260,26,88,336
0.85,0.8380281690140845,0.7877358490566038,0.9125874125874126,0.8531289910600255,0.8126520681265207,0.9287669877292519,261,25,90,334
0.86,0.8323943661971831,0.7783018867924528,0.9125874125874126,0.8472400513478819,0.8044856167723062,0.9287669877292519,261,25,94,330
0.87,0.828169014084507,0.7712264150943396,0.9125874125874126,0.8427835051546392,0.79833984375,0.9287669877292519,261,25,97,327
0.88,0.8267605633802817,0.7688679245283019,0.9125874125874126,0.8412903225806452,0.7962872496336102,0.9287669877292519,261,25,98,326
0.89,0.8183098591549296,0.7547169811320755,0.9125874125874126,0.8322496749024707,0.7839294463498285,0.9287669877292519,261,25,104,320
0.9,0.8126760563380282,0.7452830188679245,0.9125874125874126,0.8261437908496732,0.7756504663721159,0.9287669877292519,261,25,108,316
0.91,0.8112676056338028,0.7429245283018868,0.9125874125874126,0.824607329842932,0.7735756385068763,0.9287669877292519,261,25,109,315
0.92,0.8042253521126761,0.7311320754716981,0.9125874125874126,0.8168642951251647,0.7631708517971443,0.9287669877292519,261,25,114,310
0.93,0.8014084507042254,0.7240566037735849,0.916083916083916,0.8132450331125828,0.7572767636901825,0.9287669877292519,262,24,117,307
0.94,0.8,0.714622641509434,0.9265734265734266,0.8101604278074866,0.75,0.9287669877292519,265,21,121,303
0.95,0.795774647887324,0.7004716981132075,0.9370629370629371,0.803788903924222,0.73843858776728,0.9287669877292519,268,18,127,297
